gRNA 3' Carbon Atom Number,Distance to Closest Protein Atom,PAM relative position
3' Carbon Atom 1,4.5,
3' Carbon Atom 2,4.63,
3' Carbon Atom 3,4.76,
3' Carbon Atom 4,3.83,
3' Carbon Atom 5,5.43,
3' Carbon Atom 6,4.24,
3' Carbon Atom 7,4.56,
3' Carbon Atom 8,4.38,
3' Carbon Atom 9,4.92,
3' Carbon Atom 10,3.52,
3' Carbon Atom 11,5.14,
3' Carbon Atom 12,5.33,
3' Carbon Atom 13,4.36,
3' Carbon Atom 14,4.23,
3' Carbon Atom 15,4.78,
3' Carbon Atom 16,5.43,
3' Carbon Atom 17,3.62,
3' Carbon Atom 18,4.8,
3' Carbon Atom 19,3.99,
3' Carbon Atom 20,4.88,1
3' Carbon Atom 21,4.14,2
3' Carbon Atom 22,4.55,3
3' Carbon Atom 23,4.6,4
3' Carbon Atom 24,4.26,5
3' Carbon Atom 25,4.34,6
3' Carbon Atom 26,3.84,7
3' Carbon Atom 27,4.37,8
3' Carbon Atom 28,8.74,9
3' Carbon Atom 29,8.94,10
3' Carbon Atom 30,5.38,11
3' Carbon Atom 31,4.28,12
3' Carbon Atom 32,5.35,13
3' Carbon Atom 33,4.68,14
3' Carbon Atom 34,3.96,15
3' Carbon Atom 35,4.39,16
3' Carbon Atom 36,5.16,17
3' Carbon Atom 37,4.69,18
3' Carbon Atom 38,4.37,19
3' Carbon Atom 39,3.98,20
3' Carbon Atom 40,6.58,unpaired
