DNA 3' Carbon Atom,Closest Protein Atom,PAM relative position,,,,
DNA Atom 1,5.28,20,Bound to gRNA,,,
DNA Atom 2,9.09,19,,,,
DNA Atom 3,8.56,18,,,,
DNA Atom 4,4.73,17,,,,
DNA Atom 5,4.36,16,,,,
DNA Atom 6,3.63,15,,,,
DNA Atom 7,4.27,14,,,,
DNA Atom 8,4.13,13,,,,
DNA Atom 9,4.41,12,,,,
DNA Atom 10,4.15,11,,,,
DNA Atom 11,4.47,10,,,,
DNA Atom 12,3.85,9,,,,
DNA Atom 13,4.12,8,,,,
DNA Atom 14,3.31,7,,,,
DNA Atom 15,4.41,6,,,,
DNA Atom 16,3.76,5,,,,
DNA Atom 17,4.3,4,,,,
DNA Atom 18,4.11,3,,,,
DNA Atom 19,5.11,2,,,,
DNA Atom 20,3.96,1,,,,
DNA Atom 21,4.22,,PAM ends,,,Not interested in
DNA Atom 22,4.06,,,,,
DNA Atom 23,3.29,,,,,
DNA Atom 24,3.7,,,,,
DNA Atom 25,4.77,,,,,
DNA Atom 26,9.07,,,,,
DNA Atom 27,9.3,,,,,
DNA Atom 28,7.97,,,,,
DNA Atom 29,9.12,,,,,
DNA Atom 30,10.29,Bound to non target,,,,
